epoch,train_loss,train_acc,val_loss,val_acc,val_acc_audio_head,val_acc_video_head,w_a_mean,wa_anoisy_mean,wa_anoisy_std,wa_clean_mean,wa_clean_std,wa_vnoisy_mean,wa_vnoisy_std,epoch_time_s,peak_gpu_gib
1,9.733382,0.053868,4.629524,0.069603,0.054729,0.068459,0.259475,0.158513,0.121621,0.217557,0.150731,0.221500,0.154723,183.226,12.454
2,9.293445,0.059466,5.147604,0.061022,0.070938,0.053204,0.226230,0.141482,0.134402,0.169813,0.151619,0.169079,0.151326,167.501,12.454
3,9.116043,0.064972,4.491038,0.072654,0.067124,0.071892,0.319216,0.232059,0.074827,0.300549,0.080763,0.301604,0.082629,172.137,12.454
4,9.008757,0.071212,4.698277,0.066362,0.061022,0.063692,0.448258,0.305214,0.226248,0.388326,0.259981,0.383342,0.258670,169.401,12.454
5,8.857792,0.075801,4.494967,0.063501,0.076468,0.059115,0.105683,0.160961,0.117505,0.107803,0.051156,0.092855,0.039455,166.008,12.454
6,8.598522,0.089382,4.158977,0.105835,0.094012,0.093631,0.426960,0.433361,0.194139,0.443660,0.167771,0.459727,0.160168,165.250,12.454
7,8.230745,0.112049,4.752602,0.075515,0.094584,0.072082,0.030128,0.029769,0.066236,0.016357,0.030590,0.021213,0.035751,167.836,12.454
8,7.875000,0.131229,3.931036,0.115751,0.039283,0.125286,0.324637,0.344551,0.216459,0.287060,0.205955,0.402254,0.208654,159.870,12.454
9,7.505268,0.158943,3.951203,0.127002,0.067506,0.160374,0.389347,0.258759,0.202997,0.401552,0.238323,0.396374,0.229475,162.307,12.454
10,7.112357,0.202074,3.220999,0.232075,0.098398,0.208810,0.278833,0.234613,0.229770,0.336352,0.270330,0.342535,0.270508,166.155,12.454
11,6.763305,0.232908,3.220637,0.204043,0.031465,0.183257,0.153073,0.103922,0.137536,0.188525,0.243034,0.184084,0.231127,164.152,12.454
12,6.437648,0.270900,3.012842,0.229786,0.091533,0.211670,0.324895,0.223155,0.228356,0.341168,0.259412,0.278746,0.238160,163.692,12.454
13,6.214559,0.293292,2.907680,0.269451,0.098970,0.212433,0.248288,0.373414,0.280843,0.271588,0.224203,0.258684,0.209054,165.618,12.454
14,5.960302,0.331651,3.039251,0.248665,0.049771,0.341724,0.361874,0.280480,0.183173,0.397305,0.257033,0.405614,0.260798,164.291,12.454
15,5.740657,0.359548,2.399219,0.364226,0.118612,0.288711,0.242605,0.218409,0.149141,0.306318,0.204715,0.269875,0.194490,165.750,12.454
16,5.527584,0.387263,2.510017,0.357170,0.087338,0.295004,0.246576,0.240204,0.207829,0.274287,0.224931,0.262134,0.211700,166.148,12.454
17,5.334113,0.416720,2.309073,0.396072,0.135202,0.320175,0.209630,0.205028,0.128422,0.253594,0.173444,0.229924,0.172239,163.912,12.454
18,5.123012,0.445627,2.029932,0.465866,0.113463,0.409802,0.215426,0.292723,0.200034,0.246106,0.169722,0.245380,0.161641,159.581,12.454
19,4.990759,0.455355,2.009623,0.467201,0.110603,0.416095,0.255070,0.275016,0.192843,0.285259,0.189052,0.260373,0.176732,164.171,12.454
20,4.864866,0.477196,2.322276,0.404081,0.143402,0.279176,0.295113,0.346633,0.183462,0.353685,0.182369,0.355719,0.177809,165.134,12.454
21,4.674282,0.511333,1.988424,0.471396,0.102403,0.418002,0.231516,0.218798,0.119644,0.227995,0.137838,0.210683,0.127245,168.628,12.454
22,4.538327,0.527301,1.686763,0.572464,0.143402,0.496377,0.338474,0.347769,0.119689,0.392067,0.131525,0.398630,0.133347,168.872,12.454
23,4.384088,0.546297,1.538953,0.594584,0.074752,0.564836,0.245107,0.238992,0.104513,0.293922,0.146827,0.277780,0.150979,169.207,12.454
24,4.251561,0.563550,1.922218,0.499237,0.155225,0.425439,0.203453,0.233296,0.144358,0.204567,0.127614,0.184725,0.119613,163.399,12.454
25,4.162114,0.574654,1.681995,0.542525,0.178490,0.422006,0.259878,0.242096,0.089942,0.280829,0.109667,0.289039,0.106981,164.438,12.454
26,4.006820,0.589428,1.286521,0.660564,0.168002,0.576659,0.317479,0.331969,0.140608,0.317705,0.132336,0.302461,0.124954,165.857,12.454
27,3.907562,0.608149,1.508063,0.593059,0.138825,0.542906,0.303577,0.260950,0.092084,0.315577,0.117914,0.305762,0.108640,167.099,12.454
28,3.805662,0.618611,1.289639,0.653699,0.173913,0.563501,0.240811,0.228634,0.090425,0.250439,0.109077,0.228851,0.088266,168.181,12.454
29,3.734413,0.624576,1.126597,0.708047,0.247521,0.585812,0.286478,0.279193,0.106340,0.292096,0.098355,0.283270,0.089257,171.385,12.454
30,3.649809,0.635680,1.198911,0.671625,0.170481,0.574752,0.237519,0.242229,0.110571,0.232104,0.118817,0.209686,0.105990,164.894,12.454
31,3.518331,0.658530,1.220163,0.672769,0.233600,0.558543,0.351147,0.338824,0.083976,0.371015,0.099659,0.362440,0.091839,156.933,12.454
32,3.418913,0.669083,1.066172,0.711289,0.283944,0.591915,0.399935,0.329353,0.109168,0.403455,0.144641,0.391489,0.144202,158.978,12.454
33,3.325445,0.683950,0.849459,0.770404,0.308924,0.635393,0.365646,0.363378,0.107786,0.383908,0.112495,0.382169,0.104454,168.117,12.454
34,3.235649,0.692209,0.890004,0.768688,0.332189,0.636537,0.355367,0.311217,0.097313,0.356624,0.107467,0.356994,0.105271,165.659,12.454
35,3.140630,0.700652,1.154770,0.671053,0.191838,0.516018,0.371133,0.363277,0.116135,0.380675,0.106037,0.370619,0.103642,170.761,12.454
36,3.056217,0.713040,0.896411,0.755149,0.350496,0.595728,0.376024,0.299540,0.104820,0.384918,0.115936,0.385931,0.104150,158.307,12.454
37,2.981872,0.724970,0.824444,0.793478,0.339626,0.679634,0.379228,0.326067,0.138732,0.412078,0.184928,0.485400,0.200073,166.292,12.454
38,2.949415,0.722401,0.834318,0.769832,0.361175,0.623951,0.414383,0.386575,0.086106,0.409725,0.094479,0.439539,0.098390,165.711,12.454
39,2.884405,0.732128,0.880897,0.773646,0.363272,0.581045,0.375402,0.373020,0.102328,0.390586,0.089809,0.393752,0.088139,160.990,12.454
40,2.785180,0.744884,0.900674,0.740465,0.350877,0.556255,0.459717,0.460535,0.111958,0.488149,0.103221,0.520477,0.123546,167.203,12.454
41,2.727727,0.746077,0.703197,0.810450,0.364989,0.679825,0.418921,0.408762,0.132135,0.418414,0.097785,0.435988,0.110714,167.974,12.454
42,2.660001,0.760668,0.876419,0.756102,0.421434,0.580092,0.369300,0.353301,0.094682,0.382595,0.097768,0.396204,0.112757,200.687,12.454
43,2.601572,0.766633,0.638472,0.829138,0.462433,0.661327,0.409069,0.364345,0.107941,0.421820,0.103797,0.411155,0.102015,218.713,12.454
44,2.552978,0.773332,0.625126,0.827231,0.496949,0.635965,0.433143,0.407653,0.092376,0.441458,0.097312,0.449134,0.097019,197.450,12.454
45,2.496684,0.773516,0.619250,0.830664,0.493898,0.657132,0.392914,0.370850,0.096565,0.395788,0.122961,0.443617,0.140844,170.419,12.454
46,2.423910,0.787740,0.663913,0.824561,0.483791,0.637300,0.443009,0.396717,0.100851,0.445764,0.133823,0.463445,0.142102,170.945,12.454
47,2.410213,0.787740,0.581213,0.844775,0.475782,0.681541,0.395561,0.369801,0.101703,0.393798,0.114377,0.404125,0.107446,162.594,12.454
48,2.375615,0.789575,0.558823,0.856598,0.528604,0.708810,0.366062,0.326817,0.094030,0.364264,0.099411,0.367324,0.098113,166.208,12.454
49,2.300346,0.794164,0.512947,0.856407,0.457666,0.710717,0.400711,0.424591,0.111795,0.428861,0.101302,0.446580,0.103681,170.877,12.454
50,2.258456,0.801780,0.478048,0.879291,0.576659,0.720252,0.457712,0.422917,0.102062,0.467972,0.127221,0.482349,0.128234,161.556,12.454
51,2.234475,0.802790,0.578935,0.845347,0.500763,0.663997,0.463624,0.436527,0.098984,0.465744,0.102507,0.477671,0.096557,186.772,12.454
52,2.176756,0.817106,0.551855,0.839436,0.409230,0.663425,0.401769,0.390898,0.087575,0.397306,0.095011,0.427302,0.107193,227.963,12.454
53,2.128813,0.820409,0.521905,0.854119,0.559115,0.659420,0.432671,0.374228,0.098370,0.433786,0.093267,0.458486,0.103180,216.121,12.454
54,2.087152,0.819033,0.499203,0.856598,0.552059,0.670099,0.485354,0.479290,0.089981,0.492497,0.085104,0.516213,0.088908,167.226,12.454
55,2.067545,0.821969,0.791867,0.780702,0.483982,0.633677,0.475156,0.401056,0.173474,0.455043,0.234099,0.411271,0.195801,175.858,12.454
56,2.045576,0.823896,0.481092,0.871854,0.405034,0.751335,0.421830,0.438249,0.098232,0.428150,0.106952,0.443573,0.108269,166.890,12.454
57,1.984964,0.828760,0.421731,0.881960,0.551297,0.744088,0.407851,0.411723,0.095811,0.410099,0.095756,0.428822,0.105655,166.934,12.454
58,1.966207,0.831972,0.476835,0.863272,0.607933,0.662853,0.420297,0.400190,0.115352,0.420175,0.104096,0.432526,0.100890,170.324,12.454
59,1.914967,0.838396,0.475534,0.857933,0.555492,0.701564,0.409183,0.375787,0.117195,0.419836,0.121450,0.423717,0.119062,173.655,12.454
60,1.872072,0.844911,0.428265,0.880053,0.623188,0.702136,0.402725,0.417772,0.099398,0.419599,0.100329,0.418105,0.100699,164.187,12.454
61,1.842528,0.849592,0.428130,0.876240,0.578566,0.723303,0.423408,0.425959,0.100643,0.433328,0.109466,0.480311,0.142458,169.813,12.454
62,1.839068,0.843718,0.478385,0.866514,0.524409,0.714340,0.397319,0.369213,0.087517,0.378607,0.091704,0.397476,0.102260,172.001,12.454
63,1.819863,0.847848,0.336425,0.911899,0.662471,0.745233,0.433435,0.406749,0.091916,0.432300,0.081155,0.455924,0.088208,165.262,12.454
64,1.770416,0.854180,0.488231,0.850877,0.540046,0.645309,0.426791,0.470244,0.101707,0.436053,0.105892,0.441007,0.108125,160.629,12.454
65,1.742069,0.858401,0.371943,0.894737,0.667239,0.722731,0.421672,0.388141,0.104096,0.425188,0.097211,0.444498,0.101896,168.421,12.454
66,1.720418,0.861246,0.364934,0.901411,0.666285,0.748665,0.418851,0.392615,0.108853,0.419214,0.103021,0.453573,0.110063,164.333,12.454
67,1.699336,0.860329,0.399465,0.887681,0.501907,0.771930,0.422002,0.419574,0.086442,0.415770,0.088588,0.421675,0.089415,167.218,12.454
68,1.643890,0.871341,0.321908,0.908276,0.653890,0.745042,0.449749,0.425594,0.101320,0.455868,0.096036,0.459910,0.098615,163.508,12.454
69,1.640507,0.866477,0.331378,0.906178,0.656178,0.768116,0.379880,0.373415,0.095659,0.389315,0.092798,0.393578,0.091553,154.406,12.454
70,1.622087,0.868588,0.315371,0.911327,0.681922,0.763349,0.416281,0.398457,0.084502,0.434329,0.113893,0.440254,0.112870,153.291,12.454
71,1.617105,0.866202,0.316356,0.917048,0.680969,0.749237,0.459996,0.471836,0.099910,0.483533,0.099525,0.520325,0.103615,152.946,12.454
72,1.552240,0.873635,0.505766,0.862700,0.562166,0.677155,0.428796,0.421364,0.138933,0.438495,0.165710,0.438980,0.170731,153.892,12.454
73,1.535678,0.883454,0.408170,0.878146,0.726735,0.628146,0.509011,0.524226,0.104248,0.538036,0.096096,0.562046,0.102345,154.218,12.454
74,1.497860,0.885657,0.303025,0.919146,0.672578,0.786232,0.395281,0.380236,0.103954,0.398596,0.102145,0.405123,0.097817,154.341,12.454
75,1.479778,0.887033,0.287961,0.913234,0.731121,0.765065,0.417363,0.386261,0.112245,0.415965,0.105631,0.429157,0.101589,154.048,12.454
76,1.448046,0.886758,0.519290,0.847635,0.671434,0.615179,0.450240,0.448065,0.094595,0.473666,0.080094,0.497595,0.089889,153.506,12.454
77,1.458141,0.882995,0.329418,0.900648,0.688024,0.736079,0.401803,0.354911,0.139640,0.432032,0.112570,0.430464,0.111544,155.060,12.454
78,1.429195,0.890520,0.309053,0.907704,0.719298,0.756102,0.407163,0.395428,0.111427,0.426150,0.103024,0.450374,0.106038,153.660,12.454
79,1.422789,0.888685,0.335017,0.901030,0.635011,0.733219,0.409676,0.425147,0.096138,0.421833,0.095759,0.437189,0.100728,153.097,12.454
80,1.389245,0.892539,0.259778,0.928871,0.742563,0.786613,0.433709,0.421486,0.094371,0.443804,0.106196,0.457065,0.112776,154.301,12.454
81,1.358645,0.894742,0.640193,0.811404,0.608314,0.578566,0.437651,0.445598,0.080703,0.455939,0.083231,0.482461,0.088581,155.584,12.454
82,1.350873,0.898321,0.303312,0.913234,0.730168,0.753623,0.391310,0.392571,0.107754,0.408076,0.104941,0.417614,0.108450,156.707,12.454
83,1.340958,0.898504,0.290428,0.914950,0.722159,0.775553,0.408480,0.371286,0.112150,0.424378,0.142477,0.425173,0.139857,156.575,12.454
84,1.309666,0.900707,0.233357,0.934973,0.741800,0.805301,0.431891,0.422200,0.115011,0.446585,0.114162,0.473812,0.121256,155.647,12.454
85,1.285805,0.903368,0.275960,0.919146,0.723112,0.758009,0.412075,0.376614,0.105751,0.413252,0.097704,0.449250,0.114616,154.136,12.454
86,1.285998,0.901716,0.256425,0.927536,0.756293,0.754767,0.428252,0.405467,0.112529,0.439259,0.099328,0.477858,0.106821,152.780,12.454
87,1.255383,0.909425,0.255269,0.924104,0.762777,0.771167,0.433695,0.427039,0.111015,0.457656,0.109636,0.467211,0.109003,154.347,12.454
88,1.249513,0.904010,0.264078,0.924485,0.717201,0.799008,0.389783,0.341549,0.119471,0.388271,0.111429,0.397220,0.113589,156.035,12.454
89,1.239122,0.903551,0.213556,0.942601,0.786613,0.807971,0.421463,0.398320,0.106576,0.442592,0.110488,0.465402,0.102846,157.836,12.454
90,1.227861,0.909149,0.247064,0.930397,0.748665,0.772883,0.443821,0.413773,0.118748,0.457139,0.112354,0.468631,0.113575,154.939,12.454
91,1.186684,0.913187,0.281260,0.921243,0.745614,0.758009,0.454255,0.463706,0.155629,0.470693,0.166036,0.468566,0.150967,154.930,12.454
92,1.181406,0.911535,0.259111,0.924104,0.757437,0.746568,0.475104,0.491055,0.101631,0.484522,0.101998,0.500125,0.109237,155.042,12.454
93,1.174425,0.913279,0.225715,0.937834,0.783371,0.799771,0.403855,0.396285,0.114476,0.413552,0.112157,0.429918,0.113724,153.613,12.454
94,1.181905,0.911627,0.224160,0.935736,0.788711,0.795385,0.416569,0.420850,0.098702,0.419642,0.098010,0.448184,0.106166,153.423,12.454
95,1.133808,0.920162,0.231819,0.933638,0.650839,0.805683,0.381433,0.396621,0.096463,0.392766,0.102269,0.412336,0.102534,154.662,12.454
96,1.105291,0.923649,0.226096,0.934592,0.806064,0.813310,0.368647,0.341042,0.111722,0.368185,0.109248,0.403712,0.119165,154.385,12.454
97,1.101232,0.925484,0.316919,0.906560,0.793860,0.721587,0.404865,0.407125,0.108330,0.432829,0.100661,0.478763,0.108936,153.635,12.454
98,1.070679,0.929522,0.280034,0.915332,0.790999,0.741800,0.444983,0.468219,0.114684,0.483153,0.107968,0.539141,0.119355,154.717,12.454
99,1.087224,0.922915,0.253649,0.926583,0.721396,0.793860,0.436384,0.412367,0.108085,0.453263,0.134112,0.472546,0.119081,153.227,12.454
100,1.091006,0.923649,0.233768,0.934020,0.774790,0.773646,0.424130,0.436482,0.111082,0.452717,0.111823,0.484067,0.109056,155.505,12.454
101,1.053326,0.924842,0.235202,0.934211,0.795767,0.779939,0.442642,0.397813,0.114512,0.448901,0.133359,0.459001,0.133342,153.790,12.454
102,1.054811,0.927411,0.221560,0.931732,0.806445,0.774981,0.451781,0.429388,0.112482,0.469192,0.104709,0.503290,0.108845,154.575,12.454
103,1.024601,0.933193,0.293614,0.915141,0.809878,0.743326,0.419694,0.385225,0.111205,0.436651,0.102337,0.470568,0.107662,153.641,12.454
104,1.012570,0.929981,0.236489,0.932876,0.690122,0.821129,0.370166,0.323935,0.106772,0.373131,0.103858,0.383536,0.103538,153.646,12.454
105,1.012807,0.928696,0.241942,0.931159,0.728261,0.810069,0.417041,0.420842,0.096425,0.425787,0.095135,0.469046,0.102843,155.010,12.454
106,1.002406,0.932642,0.198357,0.942029,0.793097,0.812929,0.420707,0.426268,0.105412,0.436533,0.110075,0.450093,0.107159,153.231,12.454
107,1.006430,0.927411,0.204118,0.939931,0.813310,0.795957,0.442715,0.423136,0.098819,0.452364,0.087202,0.471441,0.089287,153.831,12.454
108,0.991782,0.931449,0.313191,0.911518,0.828185,0.732647,0.448608,0.428056,0.138830,0.469287,0.173379,0.489238,0.167414,155.514,12.454
109,0.984757,0.930531,0.212377,0.938215,0.825515,0.794432,0.458866,0.422285,0.118852,0.467590,0.123779,0.491019,0.117293,154.081,12.454
110,0.952318,0.936955,0.201417,0.942792,0.814645,0.814645,0.417466,0.418179,0.112617,0.436671,0.114281,0.453847,0.110784,153.244,12.454
111,0.935731,0.938515,0.202516,0.940503,0.780320,0.820175,0.425612,0.400973,0.113235,0.423875,0.134243,0.455653,0.131144,153.557,12.454
112,0.955850,0.931633,0.228521,0.935355,0.816934,0.787567,0.356482,0.357574,0.107832,0.375229,0.107352,0.414586,0.119386,154.846,12.454
113,0.932058,0.937322,5.799285,0.457475,0.052250,0.791953,0.555064,0.552545,0.300314,0.530933,0.238942,0.563574,0.236014,154.404,12.454
114,0.912117,0.941819,0.197727,0.940313,0.825515,0.825515,0.368374,0.378354,0.114070,0.384298,0.112282,0.415926,0.119668,153.438,12.454
115,0.923031,0.940259,0.199585,0.944508,0.754195,0.831808,0.404609,0.418844,0.111420,0.431054,0.107179,0.469182,0.114139,153.500,12.454
116,0.902784,0.940075,0.211172,0.939550,0.834477,0.801297,0.411315,0.390161,0.116085,0.433592,0.107300,0.469343,0.115030,153.819,12.454
117,0.901153,0.940901,0.196765,0.944889,0.823799,0.815789,0.462138,0.448274,0.110668,0.479539,0.113662,0.517699,0.105585,154.887,12.454
118,0.873650,0.940075,0.195455,0.943745,0.846110,0.815789,0.420515,0.421812,0.113183,0.444011,0.118265,0.468875,0.124382,154.406,12.454
119,0.882855,0.941360,0.180855,0.944508,0.845919,0.815980,0.430409,0.444239,0.119809,0.450245,0.116340,0.493102,0.126228,154.382,12.454
120,0.850738,0.945398,0.170455,0.948513,0.830473,0.824180,0.430920,0.415894,0.123551,0.455946,0.111266,0.466754,0.112388,152.136,12.454
121,0.868948,0.945948,0.187534,0.945080,0.826659,0.831236,0.412579,0.412768,0.114572,0.431589,0.111375,0.461207,0.112434,154.670,12.454
122,0.856342,0.944664,0.185542,0.947178,0.837338,0.831236,0.397717,0.413939,0.114740,0.420658,0.110970,0.448431,0.116927,155.175,12.454
123,0.895319,0.940167,0.229382,0.928871,0.819794,0.770786,0.421587,0.426183,0.111710,0.450165,0.110736,0.478384,0.106587,154.893,12.454
124,0.850990,0.943379,0.189161,0.945271,0.834287,0.828185,0.411184,0.410655,0.109487,0.431423,0.108074,0.457645,0.103800,153.461,12.454
125,0.843953,0.946040,0.177739,0.947750,0.851640,0.837719,0.409363,0.397139,0.120344,0.432301,0.117040,0.458952,0.113632,154.262,12.454
126,0.857533,0.942002,0.173710,0.947368,0.842868,0.830473,0.424231,0.431351,0.104554,0.453403,0.104092,0.471712,0.100254,155.801,12.454
127,0.807978,0.948977,0.186497,0.948513,0.843822,0.835622,0.392005,0.395655,0.123188,0.419191,0.124556,0.463242,0.129839,157.909,12.454
128,0.823767,0.943562,0.188078,0.945461,0.847445,0.817124,0.402405,0.383336,0.121811,0.421176,0.117751,0.465188,0.123309,155.939,12.454
129,0.803892,0.947967,0.181481,0.947941,0.852403,0.832952,0.383563,0.379401,0.117076,0.415845,0.108315,0.451442,0.111809,154.167,12.454
130,0.823566,0.949711,0.190878,0.945652,0.863082,0.834668,0.382484,0.356190,0.126127,0.400067,0.116097,0.431325,0.118753,157.908,12.454
131,0.793176,0.950262,0.172563,0.949466,0.851640,0.841152,0.386547,0.397175,0.126899,0.416044,0.127734,0.450615,0.125485,158.639,12.454
132,0.790741,0.948334,0.171201,0.950610,0.855072,0.835622,0.398839,0.389036,0.120940,0.418078,0.113622,0.458287,0.115914,156.491,12.454
133,0.781541,0.953290,0.170058,0.949657,0.851640,0.831617,0.450984,0.439430,0.117681,0.467391,0.113880,0.518718,0.116921,159.908,12.454
134,0.787007,0.949069,0.173031,0.950610,0.851259,0.844775,0.382138,0.383650,0.113392,0.405542,0.111878,0.438111,0.113684,155.626,12.454
135,0.785266,0.949619,0.187512,0.946034,0.845919,0.828375,0.402845,0.390937,0.115660,0.419539,0.113864,0.449122,0.116581,160.119,12.454
136,0.768429,0.954483,0.176991,0.950992,0.862319,0.841533,0.382517,0.371869,0.119655,0.407880,0.110970,0.441310,0.116691,158.681,12.454
137,0.774580,0.953565,0.184402,0.949085,0.859077,0.837338,0.359867,0.366467,0.111050,0.383081,0.110215,0.422024,0.116430,209.534,12.454
138,0.760213,0.953565,0.176855,0.950229,0.863272,0.845728,0.386239,0.374511,0.127098,0.413421,0.119386,0.445245,0.121570,214.770,12.454
139,0.769227,0.951087,0.175688,0.951373,0.855072,0.841342,0.391849,0.390972,0.116008,0.417750,0.110586,0.454657,0.114006,211.300,12.454
140,0.748747,0.951271,0.170916,0.952899,0.865751,0.842105,0.410519,0.406555,0.117499,0.434391,0.108426,0.472395,0.114495,212.590,12.454
141,0.749251,0.953932,0.166750,0.951945,0.866514,0.847254,0.401676,0.380778,0.128260,0.426482,0.117499,0.461621,0.119390,216.286,12.454
142,0.758925,0.953749,0.165351,0.951945,0.866514,0.844394,0.407520,0.411616,0.117784,0.438629,0.113250,0.475800,0.117218,213.041,12.454
143,0.744728,0.958980,0.169163,0.952326,0.862510,0.849542,0.359888,0.362776,0.124279,0.389129,0.122258,0.421591,0.126311,157.490,12.454
144,0.733687,0.954391,0.173675,0.950420,0.868802,0.837719,0.386797,0.386526,0.129584,0.421281,0.122583,0.458132,0.126261,157.013,12.454
145,0.747040,0.954024,0.173283,0.949847,0.860221,0.845919,0.390377,0.368757,0.121463,0.412827,0.117125,0.455546,0.121598,156.496,12.454
146,0.736493,0.954116,0.165357,0.953280,0.867086,0.844394,0.419690,0.410993,0.119268,0.442170,0.118840,0.475508,0.122933,217.618,12.454
147,0.707599,0.957144,0.178186,0.948513,0.860031,0.841724,0.388949,0.354184,0.126820,0.408103,0.121172,0.441346,0.129265,208.541,12.454
148,0.725418,0.957603,0.172221,0.950420,0.862891,0.848017,0.387747,0.392896,0.114440,0.416039,0.113214,0.454854,0.116838,218.712,12.454
149,0.727811,0.957419,0.161543,0.952517,0.864989,0.844394,0.435994,0.438844,0.123255,0.469679,0.119015,0.520539,0.120741,208.852,12.454
150,0.722252,0.955401,0.167287,0.950992,0.867849,0.846301,0.392365,0.394565,0.123731,0.428594,0.122069,0.460914,0.121454,216.305,12.454
151,0.719907,0.957787,0.164269,0.951945,0.867658,0.846491,0.396898,0.380943,0.123690,0.419579,0.122246,0.457728,0.129053,214.244,12.454
152,0.709046,0.960448,0.169365,0.953661,0.869947,0.849542,0.382354,0.364398,0.128025,0.408254,0.124968,0.449897,0.131645,155.993,12.454
153,0.698547,0.959071,0.168788,0.952517,0.869375,0.846491,0.387391,0.377830,0.125801,0.414028,0.126371,0.449395,0.129067,157.781,12.454
154,0.718005,0.956961,0.166737,0.952326,0.874333,0.847635,0.404045,0.391888,0.123805,0.434571,0.115075,0.475074,0.118594,178.902,12.454
155,0.710521,0.954116,0.174711,0.950420,0.869184,0.845538,0.371877,0.373838,0.120891,0.399042,0.120252,0.435205,0.127012,216.352,12.454
156,0.710508,0.956594,0.168723,0.953852,0.872044,0.846110,0.394561,0.390369,0.127574,0.419715,0.122829,0.468125,0.129913,181.712,12.454
157,0.693439,0.960264,0.169065,0.950420,0.871091,0.847445,0.383540,0.383746,0.129924,0.414887,0.127243,0.452603,0.133975,217.448,12.454
158,0.703756,0.958429,0.169506,0.953471,0.874905,0.848017,0.379343,0.376547,0.130740,0.406843,0.127583,0.451229,0.131914,217.088,12.454
159,0.704185,0.955676,0.168574,0.954043,0.872426,0.848589,0.388581,0.383619,0.123085,0.415225,0.117248,0.457563,0.121895,168.892,12.454
160,0.688780,0.958888,0.167971,0.951754,0.872235,0.846110,0.385807,0.382797,0.121958,0.412845,0.117924,0.454809,0.125245,190.717,12.454
161,0.696913,0.959347,0.169903,0.952708,0.875286,0.849542,0.381099,0.375186,0.120469,0.405178,0.117410,0.442649,0.124286,239.437,12.454
162,0.693417,0.958337,0.167404,0.953280,0.874905,0.848017,0.382843,0.376977,0.124312,0.407208,0.116586,0.454975,0.125936,199.391,12.454
163,0.689842,0.959622,0.165776,0.952708,0.875286,0.847445,0.391277,0.385157,0.125180,0.417854,0.117298,0.461105,0.122644,165.475,12.454
164,0.660170,0.962742,0.167913,0.953852,0.876621,0.848017,0.383934,0.381564,0.125466,0.411349,0.116760,0.452821,0.123697,173.081,12.454
165,0.683682,0.960264,0.167515,0.952517,0.877002,0.848398,0.388932,0.386742,0.126387,0.416338,0.118799,0.451317,0.123788,218.296,12.454
166,0.684369,0.959805,0.166606,0.953280,0.877193,0.849161,0.389338,0.376791,0.125818,0.412789,0.119265,0.447515,0.122903,204.056,12.454
167,0.686715,0.958429,0.166561,0.954043,0.873760,0.848589,0.385423,0.380488,0.124383,0.411368,0.117693,0.454459,0.124802,217.295,12.454
168,0.672287,0.959714,0.165319,0.954233,0.872616,0.847826,0.387611,0.384861,0.121044,0.413386,0.115118,0.449415,0.120185,202.303,12.454
169,0.673831,0.960081,0.164272,0.954043,0.875095,0.848589,0.392772,0.388861,0.123193,0.417001,0.117654,0.451669,0.119940,156.837,12.454
170,0.677649,0.961457,0.168174,0.951945,0.876049,0.848970,0.379834,0.380763,0.121846,0.406245,0.116694,0.444623,0.122821,155.659,12.454
171,0.666004,0.961549,0.167544,0.952517,0.876240,0.851259,0.381720,0.381950,0.124486,0.408507,0.118354,0.446736,0.123626,159.623,12.454
172,0.677439,0.960356,0.167187,0.953471,0.876812,0.849924,0.384318,0.386618,0.124135,0.413224,0.117469,0.453638,0.122182,157.347,12.454
173,0.683894,0.959714,0.166985,0.952708,0.877193,0.848589,0.389817,0.389014,0.125317,0.417786,0.117880,0.457382,0.122908,187.108,12.454
174,0.670042,0.960815,0.166109,0.954043,0.877002,0.848780,0.386129,0.383107,0.124312,0.413333,0.116418,0.455468,0.123439,190.148,12.454
175,0.662880,0.961641,0.170479,0.952708,0.875858,0.851068,0.372694,0.369273,0.124708,0.399029,0.117141,0.439615,0.123521,187.704,12.454
176,0.665694,0.962467,0.169566,0.952136,0.876240,0.850877,0.377420,0.372974,0.126406,0.404251,0.119053,0.438601,0.123839,183.312,12.454
177,0.670761,0.961733,0.169132,0.953852,0.876430,0.851068,0.376284,0.373798,0.125158,0.404412,0.117151,0.441443,0.123273,188.338,12.454
178,0.677294,0.959438,0.168177,0.953280,0.873379,0.849352,0.381292,0.379649,0.124364,0.408567,0.117381,0.448094,0.123571,187.157,12.454
179,0.663471,0.962191,0.168534,0.952708,0.875858,0.849161,0.378652,0.380909,0.124941,0.406780,0.118508,0.446229,0.124547,186.901,12.454
180,0.669925,0.964119,0.166788,0.954996,0.876240,0.848970,0.383528,0.382696,0.124939,0.411568,0.118151,0.450833,0.124115,182.949,12.454
181,0.664278,0.961733,0.166600,0.952517,0.875477,0.851068,0.381154,0.378128,0.124766,0.407212,0.118525,0.448226,0.124372,188.137,12.454
182,0.674271,0.961457,0.166692,0.953661,0.876812,0.850114,0.377903,0.375332,0.125918,0.405685,0.118794,0.446963,0.125063,186.832,12.454
183,0.668747,0.961824,0.168079,0.953280,0.873951,0.851259,0.379150,0.377415,0.125140,0.406919,0.118353,0.449707,0.124883,185.978,12.454
184,0.668901,0.961090,0.165192,0.954424,0.875095,0.852975,0.383213,0.382607,0.124702,0.411836,0.118695,0.450690,0.124565,181.236,12.454
185,0.666025,0.964302,0.163201,0.955187,0.876430,0.850114,0.387954,0.385148,0.124765,0.415774,0.118993,0.453253,0.124018,158.193,12.454
